n,label,mentions_update,severity
0,crash,false,2
1,coach_support,false,2
2,no_complaint,false,1
3,billing,false,3
4,paywall,false,2
5,no_complaint,false,1
6,paywall,false,2
7,no_complaint,false,1
8,ux,true,1
9,paywall,false,1
10,coach_support,false,2
11,coach_support,false,1
12,crash,true,2
13,other_complaint,false,1
14,coach_support,false,2
15,ux,false,1
16,spam,false,1
17,no_complaint,false,1
18,crash,true,2
19,no_complaint,false,1
20,food_db,false,1
21,paywall,false,1
22,device_sync,false,1
23,ux,false,1
24,food_db,false,1
25,no_complaint,false,1
26,no_complaint,false,1
27,no_complaint,false,1
28,ux,false,1
29,no_complaint,false,1
30,no_complaint,false,1
31,coach_support,false,1
32,crash,false,2
33,no_complaint,false,1
34,coach_support,false,2
35,no_complaint,false,1
36,food_db,true,2
37,paywall,false,1
38,no_complaint,false,1
39,no_complaint,false,1
40,ux,false,1
41,no_complaint,false,1
42,device_sync,false,2
43,no_complaint,false,1
44,ux,false,1
45,device_sync,false,2
46,food_db,false,2
47,no_complaint,false,1
48,coach_support,false,1
49,no_complaint,false,1
50,crash,false,2
51,coach_support,false,2
52,no_complaint,false,1
53,crash,false,2
54,crash,false,2
55,content_quality,false,1
56,no_complaint,false,1
57,no_complaint,false,1
58,ux,false,1
59,no_complaint,false,1
60,food_db,false,1
61,coach_support,false,1
62,paywall,false,1
63,no_complaint,false,1
64,other_complaint,false,1
65,paywall,false,2
66,coach_support,false,3
67,device_sync,false,1
68,no_complaint,false,1
69,device_sync,false,3
70,no_complaint,false,1
71,no_complaint,false,1
72,food_db,false,1
73,coach_support,false,2
74,ux,false,1
75,no_complaint,false,1
76,no_complaint,false,1
77,no_complaint,false,1
78,no_complaint,false,1
79,no_complaint,false,1
80,no_complaint,false,1
81,no_complaint,false,1
82,no_complaint,false,1
83,no_complaint,false,1
84,no_complaint,false,1
85,food_db,false,2
86,no_complaint,false,1
87,no_complaint,false,1
88,no_complaint,false,1
89,no_complaint,false,1
90,no_complaint,false,1
91,crash,true,2
92,crash,true,2
93,no_complaint,false,1
94,no_complaint,false,1
95,no_complaint,false,1
96,no_complaint,false,1
97,no_complaint,false,1
98,no_complaint,false,1
99,no_complaint,false,1
100,no_complaint,false,1
101,no_complaint,false,1
102,no_complaint,false,1
103,billing,false,3
104,crash,false,2
105,no_complaint,false,1
106,no_complaint,false,1
107,food_db,false,1
108,no_complaint,false,1
109,no_complaint,false,1
110,no_complaint,false,1
111,no_complaint,false,1
112,no_complaint,false,1
113,no_complaint,false,1
114,no_complaint,false,1
115,no_complaint,false,1
116,no_complaint,false,1
117,no_complaint,false,1
118,no_complaint,false,1
119,no_complaint,false,1
120,other_complaint,false,1
121,coach_support,false,3
122,no_complaint,false,1
123,no_complaint,false,1
124,no_complaint,false,1
125,no_complaint,false,1
126,no_complaint,false,1
127,no_complaint,false,1
128,no_complaint,false,1
129,no_complaint,false,1
130,no_complaint,false,1
131,no_complaint,false,1
132,no_complaint,false,1
133,no_complaint,false,1
134,no_complaint,false,1
135,no_complaint,false,1
136,no_complaint,false,1
137,no_complaint,false,1
138,no_complaint,false,1
139,no_complaint,false,1
140,no_complaint,false,1
141,paywall,false,2
142,other_complaint,false,1
143,no_complaint,false,1
144,no_complaint,false,1
145,no_complaint,false,1
146,no_complaint,false,1
147,no_complaint,false,1
148,no_complaint,false,1
149,no_complaint,false,1
150,no_complaint,false,1
151,no_complaint,false,1
152,crash,false,2
153,login,false,2
154,no_complaint,false,1
155,coach_support,false,1
156,no_complaint,false,1
157,food_db,false,1
158,tracking,false,1
159,no_complaint,false,1
160,no_complaint,false,1
161,crash,false,2
162,no_complaint,false,1
163,paywall,false,1
164,localisation,false,1
165,localisation,false,2
166,coach_support,false,2
167,coach_support,false,3
168,no_complaint,false,1
169,paywall,false,1
170,login,false,3
171,coach_support,false,2
172,ux,false,1
173,food_db,false,1
174,food_db,false,1
175,billing,false,3
176,coach_support,false,2
177,no_complaint,false,1
178,ux,false,1
179,other_complaint,false,1
180,crash,false,2
181,paywall,false,1
182,food_db,false,1
183,ux,false,1
184,ux,false,1
185,paywall,false,1
186,device_sync,false,2
187,content_quality,false,2
188,paywall,false,2
189,paywall,false,1
190,no_complaint,false,1
191,coach_support,false,3
192,crash,true,2
193,paywall,false,1
194,coach_support,false,2
195,paywall,false,2
196,performance,false,1
197,coach_support,false,1
198,billing,false,3
199,performance,false,2
200,paywall,false,2
201,billing,false,3
202,paywall,false,1
203,food_db,false,1
204,no_complaint,false,1
205,other_complaint,false,1
206,no_complaint,false,1
207,crash,false,2
208,coach_support,false,2
209,paywall,false,2
210,coach_support,false,1
211,no_complaint,false,1
212,paywall,false,2
213,other_complaint,false,2
214,no_complaint,false,1
215,coach_support,false,3
216,no_complaint,false,1
217,paywall,false,1
218,paywall,false,1
219,coach_support,false,1
220,other_complaint,false,2
221,no_complaint,false,1
222,no_complaint,false,1
223,ux,false,1
224,paywall,false,2
225,other_complaint,false,1
226,spam,false,1
227,device_sync,false,2
228,crash,false,2
229,no_complaint,false,1
230,no_complaint,false,1
231,paywall,false,1
232,no_complaint,false,1
233,no_complaint,false,1
234,crash,false,2
235,paywall,false,1
236,no_complaint,false,1
237,content_quality,false,2
238,billing,false,3
239,crash,false,2
240,paywall,false,1
241,no_complaint,false,1
242,login,false,2
243,no_complaint,false,1
244,paywall,false,1
245,coach_support,false,2
246,no_complaint,false,1
247,paywall,true,1
248,ux,false,1
249,no_complaint,false,1
250,no_complaint,false,1
251,paywall,false,1
252,coach_support,false,3
253,crash,false,2
254,billing,false,2
255,no_complaint,false,1
256,performance,false,1
257,ux,false,1
258,no_complaint,false,1
259,no_complaint,false,1
260,no_complaint,false,1
261,billing,false,3
262,no_complaint,false,1
263,paywall,false,1
264,ux,false,1
265,coach_support,false,2
266,paywall,false,2
267,coach_support,false,2
268,performance,false,1
269,no_complaint,false,1
270,billing,false,2
271,no_complaint,false,1
272,paywall,false,2
273,ux,false,2
274,billing,false,3
275,crash,false,1
276,paywall,false,2
277,no_complaint,false,1
278,content_quality,false,3
279,no_complaint,false,1
280,paywall,false,2
281,no_complaint,false,1
282,no_complaint,false,1
283,content_quality,false,2
284,coach_support,false,2
285,device_sync,false,1
286,coach_support,false,2
287,coach_support,false,2
288,paywall,false,2
289,crash,false,2
290,ux,false,1
291,paywall,false,1
292,coach_support,false,3
293,no_complaint,false,1
294,coach_support,false,2
295,no_complaint,false,1
296,paywall,false,1
297,no_complaint,false,1
298,other_complaint,false,1
299,coach_support,false,2
300,no_complaint,false,1
301,coach_support,false,3
302,paywall,false,1
303,other_complaint,false,1
304,device_sync,false,2
305,device_sync,false,1
306,privacy,false,1
307,other_complaint,false,1
308,paywall,false,2
309,no_complaint,false,1
310,food_db,false,1
311,no_complaint,false,1
312,no_complaint,false,1
313,food_db,false,1
314,paywall,false,1
315,content_quality,false,1
316,no_complaint,false,1
317,billing,false,3
318,no_complaint,false,1
319,no_complaint,false,1
320,other_complaint,false,1
321,no_complaint,false,1
322,no_complaint,false,1
323,ux,false,1
324,privacy,false,1
325,food_db,false,1
326,crash,false,2
327,crash,false,2
328,paywall,false,1
329,paywall,false,1
330,other_complaint,false,1
331,billing,false,3
332,other_complaint,false,1
333,other_complaint,false,1
334,content_quality,false,2
335,no_complaint,false,1
336,paywall,false,2
337,ux,false,1
338,ux,false,1
339,no_complaint,false,1
340,billing,false,3
341,paywall,false,1
342,paywall,false,1
343,ux,false,1
344,billing,false,3
345,ux,false,1
346,coach_support,false,2
347,ux,false,1
348,other_complaint,false,1
349,coach_support,false,2
350,ux,false,1
351,no_complaint,false,1
352,paywall,false,2
353,coach_support,false,3
354,coach_support,false,2
355,coach_support,false,2
356,coach_support,false,2
357,device_sync,false,3
358,content_quality,false,2
359,no_complaint,false,1
360,food_db,false,1
361,food_db,false,1
362,billing,false,3
363,no_complaint,false,1
364,ux,false,1
365,billing,false,2
366,no_complaint,false,1
367,no_complaint,false,1
368,other_complaint,false,1
369,no_complaint,false,1
370,no_complaint,false,1
371,no_complaint,false,1
372,other_complaint,false,1
373,coach_support,false,1
374,no_complaint,false,1
375,coach_support,false,1
376,device_sync,false,2
377,no_complaint,false,1
378,paywall,false,2
379,no_complaint,false,1
380,paywall,false,1
381,billing,false,2
382,no_complaint,false,1
383,crash,false,2
384,content_quality,false,2
385,crash,false,2
386,crash,false,2
387,device_sync,false,2
388,food_db,false,1
389,other_complaint,false,1
390,billing,false,3
391,coach_support,false,2
392,coach_support,false,1
393,no_complaint,false,1
394,no_complaint,false,1
395,no_complaint,false,1
396,no_complaint,false,1
397,crash,false,2
398,coach_support,false,1
399,paywall,false,1
400,no_complaint,false,1
401,no_complaint,false,1
402,no_complaint,false,1
403,content_quality,false,1
404,no_complaint,false,1
405,no_complaint,false,1
406,food_db,false,1
407,paywall,false,1
408,ux,false,1
409,no_complaint,false,1
410,coach_support,false,2
411,paywall,false,2
412,other_complaint,false,1
413,food_db,false,1
414,ux,false,1
415,no_complaint,false,1
416,food_db,false,1
417,coach_support,false,1
418,other_complaint,false,1
419,crash,false,2
420,ux,false,1
421,other_complaint,false,1
422,no_complaint,false,1
423,performance,false,2
424,no_complaint,false,1
425,billing,false,3
426,coach_support,false,1
427,other_complaint,false,1
428,no_complaint,false,1
429,no_complaint,false,1
430,performance,false,2
431,no_complaint,false,1
432,no_complaint,false,1
433,other_complaint,false,1
434,coach_support,false,3
435,ux,false,1
436,crash,false,2
437,coach_support,false,3
438,coach_support,false,2
439,other_complaint,false,1
440,other_complaint,false,1
441,other_complaint,false,1
442,coach_support,false,1
443,performance,false,1
444,no_complaint,false,1
445,no_complaint,false,1
446,crash,false,2
447,coach_support,false,2
448,no_complaint,false,1
449,paywall,false,2
450,paywall,false,1
451,other_complaint,false,1
452,no_complaint,false,1
453,paywall,false,1
454,no_complaint,false,1
455,no_complaint,false,1
456,paywall,false,1
457,coach_support,false,3
458,crash,false,2
459,no_complaint,false,1
460,food_db,false,1
461,no_complaint,false,1
462,crash,false,2
463,crash,true,2
464,paywall,false,1
465,device_sync,false,1
466,paywall,false,1
467,ux,false,1
468,paywall,false,1
469,no_complaint,false,1
470,other_complaint,false,1
471,other_complaint,false,1
472,no_complaint,false,1
473,paywall,false,2
474,login,false,2
475,no_complaint,false,1
476,other_complaint,false,1
477,no_complaint,false,1
478,food_db,false,1
479,billing,false,3
480,other_complaint,false,1
481,no_complaint,false,1
482,device_sync,false,1
483,no_complaint,false,1
484,other_complaint,false,1
485,coach_support,false,2
486,ux,false,1
487,no_complaint,false,1
488,tracking,false,1
489,no_complaint,false,1
490,ux,true,1
491,ux,false,2
492,billing,false,3
493,no_complaint,false,1
494,crash,false,2
495,paywall,false,1
496,ux,true,2
497,paywall,false,2
498,no_complaint,false,1
499,paywall,false,1
500,food_db,false,1
501,crash,false,2
502,food_db,false,1
503,no_complaint,false,1
504,ux,false,1
505,device_sync,false,2
506,coach_support,false,2
507,coach_support,false,2
508,no_complaint,false,1
509,coach_support,false,1
510,no_complaint,false,1
511,no_complaint,false,1
512,performance,true,2
513,billing,false,3
514,spam,false,1
515,paywall,false,1
516,no_complaint,false,1
517,coach_support,false,1
518,no_complaint,false,1
519,crash,false,2
520,paywall,false,2
521,crash,false,3
522,spam,false,1
523,paywall,false,1
524,paywall,false,1
525,no_complaint,false,1
526,paywall,false,2
527,coach_support,false,1
528,no_complaint,false,1
529,paywall,false,2
530,coach_support,false,2
531,no_complaint,false,1
532,no_complaint,false,1
533,ux,false,1
534,no_complaint,false,1
535,coach_support,false,2
536,no_complaint,false,1
537,ux,false,2
538,crash,false,1
539,login,false,2
540,ux,false,1
541,paywall,false,1
542,no_complaint,false,1
543,no_complaint,false,1
544,food_db,false,2
545,other_complaint,false,2
546,ux,false,1
547,paywall,false,1
548,billing,false,3
549,tracking,false,2
550,tracking,false,1
551,ux,false,1
552,other_complaint,false,1
553,no_complaint,false,1
554,paywall,false,1
555,no_complaint,false,1
556,food_db,false,1
557,paywall,false,2
558,no_complaint,false,1
559,no_complaint,false,1
560,paywall,false,1
561,ux,false,1
562,other_complaint,false,1
563,paywall,false,1
564,other_complaint,false,1
565,paywall,true,2
566,other_complaint,false,1
567,ux,false,1
568,other_complaint,false,1
569,billing,false,3
570,login,false,3
571,food_db,false,1
572,crash,false,2
573,paywall,false,1
574,ux,false,1
575,device_sync,false,1
576,spam,false,1
577,paywall,false,1
578,no_complaint,false,1
579,spam,false,1
580,paywall,false,1
581,no_complaint,false,1
582,paywall,false,1
583,ux,false,1
584,food_db,false,1
585,paywall,false,1
586,no_complaint,false,1
587,no_complaint,false,1
588,paywall,false,1
589,coach_support,false,2
590,no_complaint,false,1
591,paywall,false,1
592,no_complaint,false,1
593,paywall,false,1
594,paywall,false,1
595,no_complaint,false,1
596,no_complaint,false,1
597,paywall,false,1
598,ux,false,1
599,coach_support,false,2
600,no_complaint,false,1
601,paywall,false,2
602,other_complaint,false,1
603,other_complaint,false,1
604,crash,false,2
605,food_db,false,1
606,other_complaint,false,1
607,no_complaint,false,1
608,no_complaint,false,1
609,coach_support,false,3
610,paywall,false,1
611,no_complaint,false,1
612,no_complaint,false,1
613,paywall,false,1
614,paywall,false,1
615,content_quality,false,2
616,coach_support,false,2
617,no_complaint,false,1
618,ux,true,1
619,ux,false,1
620,paywall,false,1
621,no_complaint,false,1
622,coach_support,false,2
623,no_complaint,false,1
624,other_complaint,false,1
625,food_db,false,1
626,paywall,false,1
627,paywall,true,1
628,no_complaint,false,1
629,no_complaint,false,1
630,spam,false,1
631,paywall,false,1
632,billing,false,3
633,paywall,false,1
634,paywall,false,1
635,coach_support,false,2
636,no_complaint,false,1
637,paywall,false,1
638,no_complaint,false,1
639,coach_support,false,2
640,paywall,false,1
641,paywall,false,1
642,coach_support,false,1
643,other_complaint,false,1
644,no_complaint,false,1
645,performance,false,1
646,ux,false,1
647,no_complaint,false,1
648,no_complaint,false,1
649,food_db,false,1
650,no_complaint,false,1
651,no_complaint,false,1
652,no_complaint,false,1
653,no_complaint,false,1
654,ux,true,2
655,food_db,false,1
656,other_complaint,false,1
657,ux,false,1
658,coach_support,false,2
659,coach_support,false,2
660,paywall,false,1
661,no_complaint,false,1
662,other_complaint,false,1
663,ux,false,1
664,food_db,false,1
665,device_sync,false,2
666,paywall,false,2
667,no_complaint,false,1
668,no_complaint,false,1
669,other_complaint,false,1
670,food_db,false,1
671,coach_support,false,1
672,no_complaint,false,1
673,no_complaint,false,1
674,no_complaint,false,1
675,no_complaint,false,1
676,spam,false,1
677,paywall,false,1
678,ux,false,1
679,crash,false,2
680,billing,false,3
681,no_complaint,false,1
682,coach_support,false,2
683,no_complaint,false,1
684,coach_support,false,2
685,no_complaint,false,1
686,paywall,false,1
687,billing,false,3
688,no_complaint,false,1
689,paywall,false,1
690,paywall,true,2
691,coach_support,false,1
692,device_sync,false,1
693,no_complaint,false,1
694,coach_support,false,2
695,ux,false,1
696,no_complaint,false,1
697,no_complaint,false,1
698,paywall,false,1
699,billing,false,2
700,coach_support,false,2
701,content_quality,false,2
702,coach_support,false,1
703,billing,false,3
704,device_sync,false,1
705,paywall,false,1
706,paywall,false,1
707,no_complaint,false,1
708,no_complaint,false,1
709,no_complaint,false,1
710,paywall,false,1
711,other_complaint,false,1
712,no_complaint,false,1
713,content_quality,false,1
714,coach_support,false,1
715,ux,false,1
716,coach_support,false,2
717,paywall,false,1
718,no_complaint,false,1
719,coach_support,false,2
720,coach_support,false,2
721,no_complaint,false,1
722,paywall,false,1
723,tracking,false,1
724,no_complaint,false,1
725,coach_support,false,3
726,no_complaint,false,1
727,no_complaint,false,1
728,crash,false,2
729,no_complaint,false,1
730,no_complaint,false,1
731,no_complaint,false,1
732,no_complaint,false,1
733,no_complaint,false,1
734,no_complaint,false,1
735,device_sync,false,2
736,paywall,false,1
737,food_db,false,1
738,other_complaint,false,1
739,no_complaint,false,1
740,no_complaint,false,1
741,no_complaint,false,1
742,no_complaint,false,1
743,paywall,false,1
744,no_complaint,false,1
745,no_complaint,false,1
746,crash,false,2
747,ux,false,1
748,no_complaint,false,1
749,spam,false,1
750,coach_support,false,2
751,paywall,false,1
752,paywall,false,1
753,no_complaint,false,1
754,no_complaint,false,1
755,content_quality,false,1
756,no_complaint,false,1
757,no_complaint,false,1
758,ux,false,1
759,no_complaint,false,1
760,coach_support,false,2
761,no_complaint,false,1
762,no_complaint,false,1
763,other_complaint,false,2
764,paywall,false,1
765,no_complaint,false,1
766,ux,false,1
767,login,false,2
768,no_complaint,false,1
769,other_complaint,false,1
770,no_complaint,false,1
771,food_db,false,1
772,no_complaint,false,1
773,ux,false,1
774,food_db,false,1
775,login,false,2
776,billing,false,3
777,content_quality,false,3
778,device_sync,false,2
779,no_complaint,false,1
780,paywall,false,1
781,no_complaint,false,1
782,no_complaint,false,1
783,no_complaint,false,1
784,coach_support,false,1
785,food_db,false,1
786,no_complaint,false,1
787,food_db,false,1
788,coach_support,false,2
789,no_complaint,false,1
790,no_complaint,false,1
791,paywall,false,1
792,no_complaint,false,1
793,coach_support,false,2
794,no_complaint,false,1
795,no_complaint,false,1
796,login,false,2
797,no_complaint,false,1
798,no_complaint,false,1
799,food_db,false,1
800,no_complaint,false,1
801,no_complaint,false,1
802,paywall,false,1
803,ux,false,1
804,no_complaint,false,1
805,no_complaint,false,1
806,paywall,false,1
807,crash,false,1
808,spam,false,1
809,privacy,false,1
810,paywall,false,1
811,no_complaint,false,1
812,coach_support,false,3
813,no_complaint,false,1
814,no_complaint,false,1
815,billing,false,3
816,paywall,false,1
817,billing,false,3
818,food_db,false,2
819,no_complaint,false,1
820,ux,false,1
821,other_complaint,false,1
822,ux,false,1
823,billing,false,3
824,no_complaint,false,1
825,no_complaint,false,1
826,no_complaint,false,1
827,no_complaint,false,1
828,crash,false,2
829,paywall,false,1
830,paywall,false,2
831,paywall,false,1
832,paywall,true,1
833,other_complaint,false,1
834,login,false,2
835,no_complaint,false,1
836,no_complaint,false,1
837,paywall,false,1
838,other_complaint,false,1
839,paywall,false,2
840,other_complaint,false,1
841,no_complaint,false,1
842,no_complaint,false,1
843,crash,false,2
844,paywall,false,1
845,ux,false,1
846,no_complaint,false,1
847,no_complaint,false,1
848,content_quality,false,1
849,no_complaint,false,1
850,coach_support,false,2
851,paywall,false,1
852,crash,false,2
853,paywall,false,1
854,paywall,false,1
855,billing,false,3
856,tracking,true,2
857,no_complaint,false,1
858,no_complaint,false,1
859,device_sync,false,2
860,tracking,true,2
861,paywall,false,1
862,no_complaint,false,1
863,other_complaint,false,1
864,paywall,false,1
865,food_db,false,1
866,no_complaint,false,1
867,paywall,false,1
868,tracking,true,1
869,tracking,false,1
870,food_db,false,1
871,paywall,false,1
872,no_complaint,false,1
873,paywall,false,1
874,no_complaint,false,1
875,no_complaint,false,1
876,paywall,false,1
877,other_complaint,false,1
878,other_complaint,false,1
879,no_complaint,false,1
880,no_complaint,false,1
881,content_quality,false,1
882,paywall,false,1
883,tracking,false,1
884,paywall,false,1
885,food_db,false,1
886,device_sync,false,2
887,other_complaint,false,1
888,no_complaint,false,1
889,ux,false,1
890,other_complaint,false,2
891,no_complaint,false,1
892,other_complaint,false,1
893,coach_support,false,1
894,no_complaint,false,1
895,no_complaint,false,1
896,paywall,false,2
897,paywall,false,1
898,no_complaint,false,1
899,paywall,false,1
900,no_complaint,false,1
901,no_complaint,false,1
902,paywall,false,1
903,coach_support,false,2
904,paywall,false,1
905,other_complaint,false,1
906,food_db,false,1
907,coach_support,false,2
908,no_complaint,false,1
909,no_complaint,false,1
910,no_complaint,false,1
911,no_complaint,false,1
912,paywall,false,1
913,coach_support,false,2
914,no_complaint,false,1
915,device_sync,false,2
916,no_complaint,false,1
917,no_complaint,false,1
918,no_complaint,false,1
919,coach_support,false,3
920,paywall,false,1
921,other_complaint,false,1
922,no_complaint,false,1
923,paywall,false,1
924,no_complaint,false,1
925,spam,false,1
926,no_complaint,false,1
927,coach_support,false,1
928,other_complaint,false,1
929,no_complaint,false,1
930,paywall,false,1
931,coach_support,false,1
932,coach_support,false,2
933,no_complaint,false,1
934,crash,false,2
935,no_complaint,false,1
936,ux,false,1
937,coach_support,false,1
938,no_complaint,false,1
939,paywall,false,1
940,no_complaint,false,1
941,no_complaint,false,1
942,coach_support,false,1
943,crash,false,3
944,paywall,false,1
945,no_complaint,false,1
946,spam,false,1
947,food_db,false,1
948,no_complaint,false,1
949,paywall,false,1
950,paywall,false,1
951,no_complaint,false,1
952,paywall,false,1
953,billing,false,2
954,no_complaint,false,1
955,other_complaint,false,1
956,paywall,false,1
957,paywall,false,1
958,no_complaint,false,1
959,paywall,false,1
960,no_complaint,false,1
961,coach_support,false,2
962,paywall,false,1
963,paywall,false,1
964,no_complaint,false,1
965,no_complaint,false,1
966,no_complaint,false,1
967,no_complaint,false,1
968,no_complaint,false,1
969,no_complaint,false,1
970,no_complaint,false,1
971,other_complaint,false,1
972,paywall,false,1
973,no_complaint,false,1
974,paywall,false,1
975,coach_support,false,2
976,ux,false,1
977,no_complaint,false,1
978,paywall,false,1
979,no_complaint,false,1
980,food_db,false,1
981,paywall,false,1
982,paywall,false,2
983,no_complaint,false,1
984,no_complaint,false,1
985,no_complaint,false,1
986,coach_support,false,2
987,crash,false,2
988,coach_support,false,1
989,no_complaint,false,1
990,no_complaint,false,1
991,no_complaint,false,1
992,paywall,false,1
993,ux,false,1
994,ux,false,1
995,paywall,false,1
996,no_complaint,false,1
997,no_complaint,false,1
998,ux,true,1
999,no_complaint,false,1
