app,app_version,release_proxy_date,n_before,n_after,rating_before,rating_after,rating_delta,complaint_pct_before,complaint_pct_after,complaint_delta_pp,crash_pct_before,crash_pct_after,crash_delta_pp,login_pct_before,login_pct_after,ux_pct_before,ux_pct_after,mentions_update_pct_after
FatSecret,11.8.0.5,2026-08-27,138,154,4.28,3.28,-1.0,23.9,53.9,30.0,7.2,5.2,-2.0,0.0,0.0,6.5,35.1,37.0
BodyFast,3.49.4,2025-09-03,72,63,4.5,4.06,-0.44,11.1,23.8,12.7,0.0,0.0,0.0,0.0,0.0,2.8,9.5,0.0
Cronometer,4.58.0,2026-08-17,281,69,4.02,3.77,-0.25,37.4,46.4,9.0,5.3,10.1,4.8,1.8,0.0,4.6,2.9,1.4
Fitelo,2.2.77,2026-05-20,69,70,4.58,4.33,-0.25,8.7,17.1,8.4,0.0,4.3,4.3,0.0,1.4,2.9,0.0,0.0
FatSecret,11.3.0.1,2026-04-27,128,60,4.41,4.02,-0.39,24.2,31.7,7.5,3.1,1.7,-1.4,1.6,1.7,7.0,1.7,5.0
Cronometer,4.58.1,2026-08-20,271,57,3.97,3.72,-0.25,38.7,45.6,6.9,5.5,12.3,6.8,1.5,1.8,4.4,0.0,1.8
Samsung Health,7.00.6.011,2026-09-07,467,363,2.26,2.12,-0.14,77.9,84.8,6.9,11.1,14.6,3.5,2.6,4.1,26.8,17.9,27.5
Fitelo,2.2.62,2025-12-09,145,65,4.51,4.32,-0.19,10.3,16.9,6.6,3.4,7.7,4.3,0.0,0.0,0.7,0.0,1.5
Cronometer,4.59.1,2026-09-18,293,56,3.7,3.71,0.01,45.7,48.2,2.5,8.9,19.6,10.7,2.0,0.0,4.4,3.6,7.1
MyNetDiary,9.7.8,2026-06-22,93,184,4.02,4.23,0.21,29.0,31.5,2.5,3.2,1.1,-2.1,2.2,1.1,6.5,9.2,1.1
FatSecret,11.7.0.1,2026-08-07,127,74,4.35,4.34,-0.01,22.0,24.3,2.3,4.7,4.1,-0.6,0.0,0.0,4.7,8.1,2.7
Cronometer,4.57.0,2026-06-25,77,193,4.0,3.94,-0.06,40.3,42.5,2.2,9.1,13.0,3.9,2.6,0.0,6.5,6.2,6.7
FITTR,8.5.6,2023-07-08,173,51,4.94,4.86,-0.08,5.8,7.8,2.0,2.3,5.9,3.6,0.0,0.0,1.2,0.0,0.0
FITTR,8.5.5,2023-07-06,58,85,4.83,4.94,0.11,6.9,8.2,1.3,5.2,2.4,-2.8,0.0,0.0,0.0,2.4,0.0
MyFitnessPal,26.33.0,2026-08-19,338,187,2.53,2.67,0.14,74.3,75.4,1.1,8.6,10.2,1.6,4.4,8.0,39.6,31.6,31.6
MyFitnessPal,26.31.0,2026-08-07,83,193,2.35,2.58,0.23,74.7,75.6,0.9,10.8,7.8,-3.0,3.6,3.6,43.4,44.6,46.1
Cronometer,4.58.3,2026-09-09,286,67,3.73,3.64,-0.09,45.5,46.3,0.8,9.1,7.5,-1.6,2.8,0.0,2.4,9.0,1.5
Noom,14.2.0,2026-01-31,70,53,3.26,3.79,0.53,51.4,50.9,-0.5,14.3,13.2,-1.1,0.0,0.0,5.7,5.7,5.7
BodyFast,3.48.3,2025-06-20,90,57,4.28,4.28,0.0,17.8,15.8,-2.0,1.1,0.0,-1.1,0.0,0.0,2.2,0.0,0.0
Fitelo,2.2.72,2026-04-02,90,50,4.47,4.48,0.01,12.2,10.0,-2.2,6.7,0.0,-6.7,0.0,0.0,1.1,0.0,0.0
MyFitnessPal,26.36.0,2026-09-10,529,73,2.54,2.53,-0.01,76.7,74.0,-2.7,8.7,13.7,5.0,6.8,20.5,35.0,23.3,24.7
Fitelo,2.2.81,2026-07-07,82,73,4.22,4.29,0.07,19.5,16.4,-3.1,4.9,0.0,-4.9,2.4,0.0,1.2,0.0,0.0
FatSecret,11.6.1.2,2026-07-19,127,51,4.37,4.51,0.14,21.3,17.6,-3.7,1.6,3.9,2.3,0.8,0.0,7.1,0.0,0.0
MyNetDiary,9.8.3,2026-08-13,267,85,4.17,4.39,0.22,30.0,25.9,-4.1,1.5,1.2,-0.3,3.4,0.0,6.7,7.1,0.0
MyNetDiary,9.8.7,2026-09-11,263,84,4.25,4.37,0.12,29.7,25.0,-4.7,1.1,3.6,2.5,0.4,0.0,6.5,4.8,0.0
FatSecret,11.5.0.4,2026-06-01,136,93,4.31,4.54,0.23,24.3,19.4,-4.9,1.5,1.1,-0.4,2.2,1.1,2.2,3.2,1.1
MyFitnessPal,26.38.0,2026-09-25,414,57,2.56,2.75,0.19,75.6,70.2,-5.4,10.6,10.5,-0.1,12.1,19.3,22.9,12.3,12.3
Noom,14.12.0,2026-04-10,117,65,3.7,3.95,0.25,40.2,33.8,-6.4,8.5,7.7,-0.8,2.6,3.1,3.4,0.0,1.5
MyFitnessPal,26.37.0,2026-09-17,504,73,2.52,2.71,0.19,76.8,69.9,-6.9,8.7,12.3,3.6,8.3,15.1,32.7,15.1,27.4
MyNetDiary,9.8.4,2026-08-25,272,67,4.27,4.42,0.15,27.9,20.9,-7.0,0.4,1.5,1.1,2.2,0.0,5.5,6.0,0.0
FatSecret,11.4.0.5,2026-05-08,148,95,4.18,4.46,0.28,29.7,22.1,-7.6,2.7,0.0,-2.7,1.4,2.1,4.1,3.2,3.2
FITTR,8.5.3,2023-06-14,68,50,4.82,5.0,0.18,8.8,0.0,-8.8,5.9,0.0,-5.9,0.0,0.0,1.5,0.0,0.0
MyFitnessPal,26.35.0,2026-09-03,594,85,2.53,2.98,0.45,76.1,65.9,-10.2,8.4,4.7,-3.7,5.6,11.8,36.5,22.4,15.3
Cal AI,1.0.211,2026-03-28,199,144,3.83,4.29,0.46,24.6,13.9,-10.7,4.5,1.4,-3.1,1.0,2.8,2.5,0.7,0.0
MyNetDiary,9.8.2,2026-07-29,267,137,4.07,4.35,0.28,35.6,24.1,-11.5,2.2,0.0,-2.2,2.6,2.2,9.4,5.1,2.2
Fitelo,2.2.61,2025-11-25,80,72,4.21,4.72,0.51,17.5,5.6,-11.9,3.8,2.8,-1.0,0.0,0.0,1.3,0.0,0.0
Cronometer,4.58.2,2026-08-28,267,85,3.82,4.16,0.34,43.4,30.6,-12.8,8.2,4.7,-3.5,2.6,2.4,3.4,2.4,1.2
Cronometer,4.57.1,2026-07-17,288,80,3.84,4.33,0.49,44.8,31.3,-13.5,11.5,2.5,-9.0,1.4,1.3,6.9,7.5,0.0
Cronometer,4.57.3,2026-07-30,306,63,3.89,4.25,0.36,42.5,28.6,-13.9,9.2,4.8,-4.4,2.0,1.6,6.5,3.2,1.6
Lose It!,18.3.701,2026-07-04,137,76,3.39,3.66,0.27,49.6,35.5,-14.1,5.8,0.0,-5.8,0.7,1.3,3.6,7.9,1.3
YAZIO,12.84.0,2026-05-12,104,57,2.02,2.39,0.37,91.3,77.2,-14.1,33.7,7.0,-26.7,2.9,1.8,22.1,22.8,5.3
Noom,14.20.1,2026-06-12,87,51,3.8,4.1,0.3,43.7,29.4,-14.3,5.7,3.9,-1.8,1.1,0.0,8.0,2.0,3.9
Cal AI,1.0.236,2026-05-21,174,116,3.47,4.16,0.69,35.6,18.1,-17.5,5.2,4.3,-0.9,2.3,0.9,0.0,1.7,1.7
Cal AI,1.0.233,2026-05-07,161,111,3.54,4.27,0.73,34.2,14.4,-19.8,3.7,2.7,-1.0,2.5,2.7,0.6,0.0,0.0
FatSecret,11.8.0.6,2026-09-12,212,82,3.41,4.5,1.09,49.5,29.3,-20.2,5.7,2.4,-3.3,0.0,0.0,30.7,18.3,14.6
Noom,14.6.0,2026-03-02,135,61,3.76,4.46,0.7,46.7,26.2,-20.5,12.6,6.6,-6.0,0.7,0.0,5.2,6.6,0.0
YAZIO,12.87.0,2026-06-01,247,83,2.31,3.06,0.75,81.0,56.6,-24.4,18.2,4.8,-13.4,1.6,1.2,25.5,19.3,2.4
YAZIO,26.35.0,2026-09-01,153,55,2.56,3.65,1.09,71.9,34.5,-37.4,8.5,3.6,-4.9,0.7,1.8,27.5,5.5,1.8
HealthifyMe,v30.8,2026-07-09,51,67,2.16,4.25,2.09,84.3,19.4,-64.9,9.8,4.5,-5.3,2.0,1.5,7.8,0.0,1.5
