label,n,avg_rating,pct_one_star,avg_severity,avg_thumbs_up,total_thumbs_up,pct_of_all_thumbs_up,pct_mentions_update,avg_chars
no_complaint,7810,4.82,0.6,1.0,0.56,4395.0,25.4,0.0,118.0
ux,1563,2.0,47.7,1.07,2.52,3937.0,22.7,44.1,233.0
paywall,1369,1.84,58.6,1.08,1.64,2242.0,12.9,2.0,176.0
crash,1088,1.87,54.1,1.87,1.63,1773.0,10.2,13.8,186.0
food_db,656,2.39,35.1,1.3,1.73,1134.0,6.5,5.9,249.0
other_complaint,471,1.31,82.4,1.14,1.07,505.0,2.9,8.1,132.0
coach_support,331,1.26,85.8,1.81,2.61,863.0,5.0,0.0,283.0
device_sync,326,2.11,46.0,1.72,1.15,374.0,2.2,11.7,231.0
billing,325,1.2,87.7,2.87,1.48,480.0,2.8,0.0,233.0
login,290,1.55,69.7,1.99,0.84,243.0,1.4,8.3,162.0
tracking,281,1.85,50.5,1.57,1.47,412.0,2.4,20.6,221.0
content_quality,163,1.99,49.7,1.55,1.51,246.0,1.4,1.2,283.0
performance,144,2.15,38.2,1.4,3.46,498.0,2.9,19.4,210.0
privacy,76,1.29,85.5,1.37,1.11,84.0,0.5,1.3,188.0
spam,70,1.79,61.4,1.01,1.6,112.0,0.6,4.3,202.0
localisation,37,2.3,45.9,1.32,0.7,26.0,0.2,5.4,219.0
