lang_hint,n_reviews,avg_rating,complaint_pct,label,n,share_of_complaints_pct
en,14935,3.4,47.9,ux,1562,21.8
en,14935,3.4,47.9,paywall,1360,19.0
en,14935,3.4,47.9,crash,1086,15.2
en,14935,3.4,47.9,food_db,653,9.1
en,14935,3.4,47.9,other_complaint,465,6.5
en,14935,3.4,47.9,coach_support,328,4.6
en,14935,3.4,47.9,billing,324,4.5
en,14935,3.4,47.9,device_sync,323,4.5
en,14935,3.4,47.9,login,289,4.0
en,14935,3.4,47.9,tracking,280,3.9
en,14935,3.4,47.9,content_quality,162,2.3
en,14935,3.4,47.9,performance,142,2.0
en,14935,3.4,47.9,privacy,76,1.1
en,14935,3.4,47.9,spam,69,1.0
en,14935,3.4,47.9,localisation,37,0.5
hi,8,3.13,50.0,tracking,1,25.0
hi,8,3.13,50.0,other_complaint,1,25.0
hi,8,3.13,50.0,paywall,1,25.0
hi,8,3.13,50.0,login,1,25.0
hinglish,57,3.09,52.6,paywall,8,26.7
hinglish,57,3.09,52.6,other_complaint,5,16.7
hinglish,57,3.09,52.6,coach_support,3,10.0
hinglish,57,3.09,52.6,food_db,3,10.0
hinglish,57,3.09,52.6,device_sync,3,10.0
hinglish,57,3.09,52.6,crash,2,6.7
hinglish,57,3.09,52.6,performance,2,6.7
hinglish,57,3.09,52.6,ux,1,3.3
hinglish,57,3.09,52.6,spam,1,3.3
hinglish,57,3.09,52.6,content_quality,1,3.3
hinglish,57,3.09,52.6,billing,1,3.3
