label,total_complaints,pct_of_all_complaints,apps_with_it,apps_where_top3,avg_share_pct,min_share_pct,max_share_pct,stddev_share_pct,worst_app
other_complaint,13631.0,33.0,15,15.0,34.1,21.2,50.7,8.8,BodyFast
food_db,5449.0,13.2,15,10.0,13.5,0.6,26.7,9.4,FatSecret
paywall,4682.0,11.3,15,7.0,11.0,1.1,28.9,8.7,Cronometer
ux,3315.0,8.0,15,2.0,6.2,0.8,24.4,5.6,MyFitnessPal
crash,3148.0,7.6,15,2.0,7.5,2.4,15.8,3.8,cult.fit
coach_support,2337.0,5.7,15,4.0,7.6,1.0,41.3,10.7,Fitelo
billing,2013.0,4.9,15,2.0,5.4,0.3,13.1,3.9,Noom
device_sync,1995.0,4.8,15,1.0,3.3,0.3,19.2,4.6,Samsung Health
login,1807.0,4.4,15,1.0,4.7,1.5,14.1,3.2,FITTR
tracking,739.0,1.8,14,0.0,1.1,0.1,10.1,2.6,Samsung Health
performance,640.0,1.5,15,0.0,1.5,0.7,4.3,0.9,cult.fit
content_quality,574.0,1.4,15,1.0,1.8,0.3,8.3,1.9,Fitelo
spam,448.0,1.1,15,0.0,1.2,0.3,3.7,0.9,BodyFast
localisation,338.0,0.8,14,0.0,0.9,0.2,2.6,0.7,Noom
privacy,191.0,0.5,15,0.0,0.4,0.1,0.9,0.2,Samsung Health
