app,year_month,n,avg_rating,complaint_pct,billing_pct,crash_pct,food_db_pct,paywall_pct
BodyFast,2022-05,70,4.06,22.9,2.9,1.4,0.0,2.9
BodyFast,2022-06,259,4.25,17.0,2.3,0.4,0.0,1.2
BodyFast,2022-07,248,4.26,16.1,0.4,1.6,0.0,0.4
BodyFast,2022-08,290,4.32,14.1,3.1,0.3,0.0,1.0
BodyFast,2022-09,225,4.32,13.8,1.3,0.0,0.0,1.3
BodyFast,2022-10,205,4.35,15.1,1.0,0.5,0.0,1.5
BodyFast,2022-11,149,4.31,14.1,1.3,0.0,0.0,2.0
BodyFast,2022-12,142,4.37,12.7,1.4,0.0,0.0,0.0
BodyFast,2023-01,382,4.42,12.0,1.6,0.0,0.5,1.3
BodyFast,2023-02,214,4.37,9.8,0.0,0.0,0.0,0.9
BodyFast,2023-03,264,4.27,14.4,1.1,0.0,0.0,1.1
BodyFast,2023-04,277,4.28,14.4,1.1,0.7,0.0,1.1
BodyFast,2023-05,288,4.45,12.2,0.3,1.7,0.3,1.0
BodyFast,2023-06,254,4.31,15.4,1.2,0.4,0.0,1.6
BodyFast,2023-07,453,4.14,19.4,0.7,0.0,0.7,1.8
BodyFast,2023-08,356,4.26,15.2,1.4,0.0,0.8,1.7
BodyFast,2023-09,197,4.35,11.2,1.0,0.5,0.0,1.0
BodyFast,2023-10,204,4.45,10.8,1.5,0.0,0.0,0.5
BodyFast,2023-11,165,4.23,17.0,2.4,0.0,0.0,1.2
BodyFast,2023-12,118,4.23,15.3,3.4,0.0,0.8,0.0
BodyFast,2024-01,269,4.39,11.5,1.9,0.7,0.0,0.7
BodyFast,2024-02,165,4.28,13.9,1.8,1.2,0.6,0.0
BodyFast,2024-03,198,4.36,13.6,1.0,0.0,0.5,1.0
BodyFast,2024-04,166,4.27,13.9,0.6,0.0,0.6,1.2
BodyFast,2024-05,135,4.3,14.8,1.5,0.7,0.0,1.5
BodyFast,2024-06,124,4.31,15.3,1.6,0.8,0.0,1.6
BodyFast,2024-07,150,4.31,14.0,1.3,0.7,0.0,0.7
BodyFast,2024-08,123,4.12,17.1,0.8,0.0,0.0,0.0
BodyFast,2024-09,91,4.35,15.4,1.1,0.0,0.0,2.2
BodyFast,2024-10,88,4.07,19.3,0.0,0.0,0.0,1.1
BodyFast,2024-11,94,4.41,11.7,1.1,1.1,0.0,2.1
BodyFast,2024-12,69,4.13,20.3,8.7,0.0,0.0,1.4
BodyFast,2025-01,156,4.49,10.3,0.0,0.6,0.6,1.3
BodyFast,2025-02,127,4.12,20.5,0.8,0.0,0.0,1.6
BodyFast,2025-03,98,4.08,22.4,3.1,0.0,0.0,3.1
BodyFast,2025-04,109,4.03,21.1,4.6,0.0,0.9,1.8
BodyFast,2025-05,87,4.0,25.3,1.1,1.1,0.0,0.0
BodyFast,2025-06,101,4.4,16.8,3.0,1.0,0.0,4.0
BodyFast,2025-07,91,4.16,17.6,6.6,0.0,0.0,1.1
BodyFast,2025-08,74,4.38,10.8,2.7,0.0,0.0,1.4
BodyFast,2025-09,76,3.87,25.0,5.3,0.0,0.0,0.0
BodyFast,2025-10,86,4.19,20.9,2.3,0.0,0.0,1.2
BodyFast,2025-11,62,3.98,24.2,8.1,0.0,0.0,0.0
BodyFast,2025-12,59,3.93,28.8,6.8,0.0,0.0,5.1
BodyFast,2026-01,90,3.94,23.3,4.4,0.0,0.0,3.3
BodyFast,2026-02,54,4.07,16.7,0.0,0.0,0.0,5.6
BodyFast,2026-03,39,3.87,33.3,2.6,2.6,0.0,0.0
BodyFast,2026-04,36,4.08,25.0,0.0,0.0,0.0,0.0
BodyFast,2026-05,31,3.97,29.0,0.0,0.0,0.0,3.2
BodyFast,2026-06,40,3.83,25.0,2.5,0.0,0.0,5.0
BodyFast,2026-07,43,3.84,37.2,2.3,0.0,0.0,0.0
BodyFast,2026-08,43,4.0,25.6,4.7,2.3,0.0,2.3
BodyFast,2026-09,30,4.1,16.7,6.7,0.0,0.0,0.0
Cal AI,2024-12,362,4.21,13.5,0.8,3.0,1.9,1.9
Cal AI,2025-01,503,4.25,15.1,1.8,1.2,4.0,0.8
Cal AI,2025-02,394,4.17,16.0,1.8,1.8,3.3,1.0
Cal AI,2025-03,531,4.14,17.3,3.2,2.1,3.6,1.5
Cal AI,2025-04,552,4.13,17.2,2.5,1.8,3.1,0.4
Cal AI,2025-05,535,4.1,18.5,2.2,3.6,3.9,0.7
Cal AI,2025-06,434,3.89,24.9,2.5,6.0,4.8,0.0
Cal AI,2025-07,612,4.32,11.9,1.3,1.3,1.6,0.8
Cal AI,2025-08,761,4.29,12.0,0.7,1.8,2.1,0.7
Cal AI,2025-09,442,4.0,17.9,2.5,1.4,1.6,0.0
Cal AI,2025-10,429,3.96,21.7,2.3,2.8,3.0,0.9
Cal AI,2025-11,330,4.06,18.2,2.7,0.9,1.8,1.5
Cal AI,2025-12,298,4.21,14.4,0.7,0.7,3.0,1.0
Cal AI,2026-01,376,3.93,24.2,2.1,3.5,5.1,2.1
Cal AI,2026-02,238,4.0,20.2,1.7,1.7,2.9,1.7
Cal AI,2026-03,232,3.84,26.3,1.3,3.0,5.6,0.9
Cal AI,2026-04,210,3.86,23.3,4.3,1.0,3.3,1.0
Cal AI,2026-05,238,3.95,22.3,4.6,0.8,4.6,0.0
Cal AI,2026-06,125,3.63,34.4,4.0,2.4,6.4,0.8
Cal AI,2026-07,73,2.04,79.5,4.1,9.6,20.5,5.5
Cal AI,2026-08,55,2.22,76.4,3.6,7.3,5.5,10.9
Cal AI,2026-09,52,2.0,84.6,5.8,9.6,23.1,5.8
Cronometer,2022-11,49,3.73,36.7,0.0,0.0,6.1,6.1
Cronometer,2022-12,77,3.87,24.7,0.0,3.9,3.9,5.2
Cronometer,2023-01,117,4.38,18.8,0.0,3.4,2.6,0.9
Cronometer,2023-02,103,3.83,31.1,1.0,0.0,6.8,2.9
Cronometer,2023-03,137,4.15,23.4,0.7,0.7,2.2,3.6
Cronometer,2023-04,103,3.92,31.1,1.0,1.0,11.7,5.8
Cronometer,2023-05,74,3.92,28.4,0.0,1.4,2.7,5.4
Cronometer,2023-06,94,3.86,34.0,1.1,4.3,4.3,5.3
Cronometer,2023-07,245,4.34,14.7,0.0,0.0,1.6,2.9
Cronometer,2023-08,123,4.12,25.2,0.0,2.4,5.7,2.4
Cronometer,2023-09,102,4.35,15.7,0.0,0.0,3.9,1.0
Cronometer,2023-10,94,4.29,18.1,0.0,2.1,4.3,2.1
Cronometer,2023-11,96,4.29,16.7,0.0,0.0,3.1,3.1
Cronometer,2023-12,85,4.13,24.7,0.0,0.0,9.4,3.5
Cronometer,2024-01,232,4.24,18.1,0.0,2.6,0.9,4.3
Cronometer,2024-02,136,4.15,23.5,0.0,2.2,6.6,2.2
Cronometer,2024-03,151,4.21,21.2,0.0,2.6,2.6,2.0
Cronometer,2024-04,118,3.97,28.8,0.0,1.7,5.1,5.9
Cronometer,2024-05,179,4.42,15.1,0.0,1.1,1.7,3.4
Cronometer,2024-06,172,4.28,18.6,1.7,2.3,3.5,1.2
Cronometer,2024-07,186,4.28,20.4,1.1,1.1,5.9,1.6
Cronometer,2024-08,159,4.33,17.0,0.0,0.0,4.4,4.4
Cronometer,2024-09,122,4.12,22.1,0.8,3.3,6.6,3.3
Cronometer,2024-10,156,4.34,21.8,0.0,0.6,5.8,2.6
Cronometer,2024-11,151,4.23,21.9,0.0,4.0,3.3,3.3
Cronometer,2024-12,81,4.02,25.9,0.0,3.7,1.2,2.5
Cronometer,2025-01,315,4.43,13.3,0.3,1.0,3.2,2.2
Cronometer,2025-02,147,4.24,21.1,0.0,1.4,5.4,4.1
Cronometer,2025-03,187,4.38,16.0,0.0,1.1,2.7,3.2
Cronometer,2025-04,190,4.15,23.7,0.5,0.0,3.2,10.0
Cronometer,2025-05,217,3.96,30.9,0.0,0.9,4.1,16.1
Cronometer,2025-06,264,3.69,35.6,0.4,0.8,8.7,18.2
Cronometer,2025-07,209,3.96,28.2,0.5,0.5,3.8,12.9
Cronometer,2025-08,193,3.87,33.7,0.0,1.6,5.2,15.5
Cronometer,2025-09,198,3.9,30.3,0.5,0.0,3.5,16.2
Cronometer,2025-10,168,4.0,26.2,0.6,3.0,3.0,7.7
Cronometer,2025-11,174,3.97,27.0,0.6,1.1,1.7,12.6
Cronometer,2025-12,158,4.25,22.2,0.6,1.9,2.5,5.1
Cronometer,2026-01,272,4.21,24.3,0.4,2.2,4.4,7.0
Cronometer,2026-02,197,3.92,31.5,0.5,0.5,3.0,14.2
Cronometer,2026-03,248,4.07,21.8,0.8,1.2,3.6,8.5
Cronometer,2026-04,183,4.03,30.1,1.1,3.3,4.4,10.9
Cronometer,2026-05,198,4.04,26.8,0.0,4.0,2.5,9.6
Cronometer,2026-06,279,3.98,29.4,0.0,6.5,1.8,7.5
Cronometer,2026-07,310,3.9,32.3,0.6,4.8,4.2,10.0
Cronometer,2026-08,273,3.8,35.5,1.1,4.0,3.7,13.2
Cronometer,2026-09,265,3.77,32.8,0.4,2.3,3.8,9.1
FITTR,2019-03,56,4.59,5.4,0.0,1.8,0.0,0.0
FITTR,2019-05,33,4.58,6.1,3.0,0.0,0.0,0.0
FITTR,2019-08,282,4.76,4.3,0.0,0.4,0.0,0.0
FITTR,2019-09,144,4.56,6.9,0.0,0.7,0.0,0.0
FITTR,2019-10,95,4.61,7.4,0.0,3.2,1.1,0.0
FITTR,2019-11,105,4.64,6.7,0.0,1.0,1.0,0.0
FITTR,2019-12,90,4.44,11.1,0.0,1.1,0.0,1.1
FITTR,2020-01,191,4.8,3.7,0.0,0.0,0.0,0.0
FITTR,2020-02,79,4.37,17.7,0.0,1.3,1.3,0.0
FITTR,2020-03,66,4.32,16.7,0.0,1.5,0.0,0.0
FITTR,2020-04,64,4.39,14.1,0.0,0.0,0.0,0.0
FITTR,2020-05,125,4.48,12.0,0.0,0.8,0.8,0.0
FITTR,2020-06,124,4.35,15.3,0.0,7.3,0.0,0.0
FITTR,2020-07,98,4.32,13.3,0.0,0.0,0.0,0.0
FITTR,2020-08,123,4.38,15.4,0.0,2.4,0.8,0.8
FITTR,2020-09,173,4.0,22.0,0.0,3.5,0.0,0.0
FITTR,2020-10,181,4.02,22.7,0.6,1.1,0.6,0.0
FITTR,2020-11,138,3.78,29.0,0.0,7.2,1.4,0.7
FITTR,2020-12,142,4.64,8.5,0.7,1.4,0.0,0.0
FITTR,2021-01,198,4.48,13.1,0.0,0.5,0.5,0.0
FITTR,2021-02,1455,4.48,12.3,0.3,0.5,0.1,0.0
FITTR,2021-03,180,4.07,22.8,0.0,3.3,0.0,0.0
FITTR,2021-04,130,3.98,23.8,0.0,3.1,0.8,0.0
FITTR,2021-05,274,4.3,14.6,0.0,1.8,0.0,0.4
FITTR,2021-06,114,3.71,30.7,0.9,1.8,1.8,0.9
FITTR,2021-07,193,4.01,20.2,0.5,2.1,0.0,1.0
FITTR,2021-08,177,4.06,18.6,0.6,1.1,0.0,0.0
FITTR,2021-09,213,4.03,20.7,0.0,1.9,0.9,0.0
FITTR,2021-10,47,3.89,25.5,2.1,6.4,0.0,0.0
FITTR,2021-11,81,4.42,13.6,0.0,1.2,0.0,0.0
FITTR,2021-12,90,4.51,11.1,0.0,1.1,0.0,0.0
FITTR,2022-01,75,4.57,9.3,0.0,1.3,0.0,0.0
FITTR,2022-02,50,4.56,10.0,2.0,2.0,0.0,0.0
FITTR,2022-03,41,4.02,22.0,0.0,4.9,0.0,0.0
FITTR,2022-04,189,4.76,6.9,0.0,0.5,0.0,0.0
FITTR,2022-05,116,4.62,11.2,0.0,0.9,1.7,0.0
FITTR,2022-06,88,4.3,18.2,0.0,3.4,0.0,0.0
FITTR,2022-07,60,4.62,8.3,0.0,1.7,0.0,0.0
FITTR,2022-08,65,4.51,12.3,1.5,0.0,0.0,0.0
FITTR,2022-09,56,4.48,14.3,0.0,5.4,1.8,0.0
FITTR,2022-10,102,4.66,11.8,0.0,1.0,4.9,1.0
FITTR,2023-04,212,4.92,4.2,0.0,0.5,0.0,0.0
FITTR,2023-05,312,4.86,3.5,0.0,0.3,0.0,0.3
FITTR,2023-06,77,4.81,5.2,0.0,2.6,0.0,0.0
FITTR,2023-07,188,4.93,4.3,0.0,0.5,0.0,0.0
FITTR,2023-08,66,4.44,13.6,1.5,0.0,1.5,0.0
FITTR,2023-09,84,4.67,11.9,0.0,1.2,0.0,0.0
FITTR,2023-10,44,4.82,9.1,2.3,0.0,0.0,0.0
FITTR,2023-11,62,4.71,8.1,0.0,0.0,0.0,0.0
FITTR,2026-03,36,4.19,22.2,0.0,0.0,2.8,0.0
FITTR,2026-04,37,4.59,13.5,0.0,0.0,0.0,0.0
FatSecret,2021-04,134,4.39,15.7,0.0,1.5,1.5,0.7
FatSecret,2021-05,283,4.47,10.6,0.0,1.1,2.8,0.0
FatSecret,2021-06,280,4.4,13.6,0.0,0.4,5.4,0.0
FatSecret,2021-07,239,4.61,6.3,0.0,0.8,1.7,0.0
FatSecret,2021-08,240,4.47,11.7,0.0,0.8,2.9,0.4
FatSecret,2021-09,224,4.51,13.8,0.0,0.4,3.1,0.4
FatSecret,2021-10,172,4.26,20.9,0.6,0.0,6.4,4.1
FatSecret,2021-11,120,4.43,13.3,0.0,1.7,2.5,5.0
FatSecret,2021-12,94,4.57,8.5,0.0,1.1,2.1,1.1
FatSecret,2022-01,180,4.62,7.2,0.0,0.0,4.4,0.0
FatSecret,2022-02,145,4.5,10.3,0.0,2.8,1.4,0.7
FatSecret,2022-03,121,4.55,9.1,0.0,0.8,2.5,0.8
FatSecret,2022-04,126,4.38,14.3,0.0,1.6,4.8,0.0
FatSecret,2022-05,114,4.44,13.2,0.9,0.0,4.4,0.9
FatSecret,2022-06,99,4.32,16.2,0.0,0.0,4.0,0.0
FatSecret,2022-07,140,4.36,14.3,0.0,2.9,2.1,0.7
FatSecret,2022-08,128,4.63,7.8,0.0,0.0,3.9,0.0
FatSecret,2022-09,109,4.33,17.4,0.0,2.8,6.4,0.9
FatSecret,2022-10,117,4.3,16.2,0.0,1.7,5.1,1.7
FatSecret,2022-11,93,4.19,21.5,1.1,0.0,6.5,1.1
FatSecret,2022-12,64,4.41,18.8,0.0,6.3,4.7,1.6
FatSecret,2023-01,138,4.35,16.7,0.0,2.9,5.1,0.0
FatSecret,2023-02,109,4.31,14.7,0.9,0.9,5.5,1.8
FatSecret,2023-03,107,4.47,14.0,0.0,0.0,5.6,0.9
FatSecret,2023-04,98,4.31,17.3,0.0,2.0,5.1,3.1
FatSecret,2023-05,97,4.46,14.4,0.0,1.0,6.2,2.1
FatSecret,2023-06,81,4.43,12.3,0.0,0.0,1.2,1.2
FatSecret,2023-07,108,4.54,9.3,0.0,0.0,1.9,0.0
FatSecret,2023-08,103,4.55,9.7,1.0,0.0,1.9,1.0
FatSecret,2023-09,107,4.53,13.1,0.0,0.9,4.7,0.0
FatSecret,2023-10,89,4.35,16.9,0.0,1.1,3.4,0.0
FatSecret,2023-11,91,4.47,15.4,0.0,2.2,2.2,1.1
FatSecret,2023-12,78,4.55,11.5,0.0,0.0,1.3,1.3
FatSecret,2024-01,125,4.3,18.4,0.8,1.6,3.2,1.6
FatSecret,2024-02,78,4.51,12.8,0.0,0.0,6.4,3.8
FatSecret,2024-03,92,4.43,16.3,0.0,2.2,6.5,0.0
FatSecret,2024-04,84,4.23,22.6,0.0,2.4,4.8,1.2
FatSecret,2024-05,90,4.58,11.1,0.0,1.1,2.2,1.1
FatSecret,2024-06,75,4.49,9.3,0.0,0.0,1.3,0.0
FatSecret,2024-07,79,4.23,21.5,0.0,0.0,7.6,1.3
FatSecret,2024-08,107,4.63,9.3,0.9,0.0,2.8,2.8
FatSecret,2024-09,105,4.23,17.1,0.0,3.8,1.9,0.0
FatSecret,2024-10,114,4.71,5.3,0.0,0.0,0.9,0.0
FatSecret,2024-11,83,4.53,10.8,1.2,1.2,2.4,1.2
FatSecret,2024-12,72,4.61,9.7,0.0,0.0,2.8,0.0
FatSecret,2025-01,123,4.31,20.3,0.0,0.8,5.7,4.1
FatSecret,2025-02,114,4.45,13.2,0.0,1.8,2.6,0.9
FatSecret,2025-03,131,4.53,10.7,0.8,2.3,0.0,0.8
FatSecret,2025-04,88,4.3,14.8,0.0,4.5,3.4,0.0
FatSecret,2025-05,109,4.35,19.3,0.0,2.8,7.3,1.8
FatSecret,2025-06,92,4.45,12.0,0.0,1.1,3.3,1.1
FatSecret,2025-07,91,4.48,12.1,0.0,1.1,4.4,2.2
FatSecret,2025-08,89,4.35,15.7,0.0,2.2,6.7,3.4
FatSecret,2025-09,107,4.5,14.0,0.0,0.0,4.7,0.9
FatSecret,2025-10,100,4.52,11.0,0.0,1.0,4.0,0.0
FatSecret,2025-11,90,4.57,7.8,0.0,0.0,0.0,0.0
FatSecret,2025-12,81,4.35,12.3,0.0,0.0,4.9,0.0
FatSecret,2026-01,108,4.51,11.1,0.0,0.9,2.8,1.9
FatSecret,2026-02,105,4.58,6.7,1.0,0.0,1.9,0.0
FatSecret,2026-03,85,4.38,16.5,0.0,0.0,3.5,2.4
FatSecret,2026-04,140,4.36,15.0,0.0,0.0,6.4,1.4
FatSecret,2026-05,143,4.26,19.6,0.7,0.7,4.2,2.8
FatSecret,2026-06,136,4.51,10.3,0.0,0.0,2.2,2.2
FatSecret,2026-07,129,4.37,20.2,0.0,1.6,7.8,3.9
FatSecret,2026-08,187,3.64,36.4,0.0,0.5,5.3,2.1
FatSecret,2026-09,186,4.01,26.3,0.0,2.7,4.8,1.6
Fitelo,2023-01,63,4.65,11.1,0.0,0.0,0.0,1.6
Fitelo,2023-02,137,4.84,8.0,0.0,0.7,0.0,0.0
Fitelo,2023-03,182,4.76,14.8,0.5,1.1,0.0,0.0
Fitelo,2023-04,217,4.82,8.3,0.9,0.0,0.0,0.0
Fitelo,2023-05,278,4.78,9.4,0.0,0.0,0.0,0.0
Fitelo,2023-06,326,4.81,11.7,1.8,0.3,0.0,0.0
Fitelo,2023-07,368,4.74,8.4,1.1,0.0,0.0,0.0
Fitelo,2023-08,369,4.78,8.9,0.8,0.3,0.3,0.0
Fitelo,2023-09,365,4.71,9.6,0.8,0.0,0.3,0.0
Fitelo,2023-10,395,4.69,10.4,0.5,0.5,0.3,0.3
Fitelo,2023-11,270,4.71,11.1,0.4,0.4,0.0,0.0
Fitelo,2023-12,358,4.81,7.3,0.3,0.0,0.0,0.0
Fitelo,2024-01,365,4.82,8.5,1.6,0.0,0.0,0.3
Fitelo,2024-02,338,4.67,12.1,0.3,1.5,0.3,0.3
Fitelo,2024-03,289,4.75,5.5,0.3,0.0,0.0,0.0
Fitelo,2024-04,278,4.8,10.1,0.7,0.4,0.0,0.4
Fitelo,2024-05,268,4.83,6.0,0.0,0.4,0.0,0.0
Fitelo,2024-06,244,4.67,9.0,0.4,0.8,0.0,0.4
Fitelo,2024-07,275,4.83,8.7,0.4,0.0,0.0,0.0
Fitelo,2024-08,276,4.74,10.5,0.4,0.7,0.4,0.0
Fitelo,2024-09,171,4.89,9.9,0.0,0.0,0.0,0.0
Fitelo,2024-10,96,4.58,12.5,2.1,0.0,0.0,0.0
Fitelo,2024-11,89,4.57,15.7,0.0,0.0,0.0,0.0
Fitelo,2024-12,102,4.52,15.7,3.9,1.0,1.0,0.0
Fitelo,2025-01,81,4.72,12.3,0.0,0.0,0.0,1.2
Fitelo,2025-02,106,4.68,12.3,1.9,0.9,0.0,0.0
Fitelo,2025-03,123,4.46,17.1,1.6,1.6,0.0,0.0
Fitelo,2025-04,94,4.51,13.8,0.0,0.0,0.0,1.1
Fitelo,2025-05,80,4.54,13.8,1.3,0.0,0.0,1.3
Fitelo,2025-06,48,3.98,27.1,2.1,2.1,0.0,2.1
Fitelo,2025-07,95,3.97,34.7,1.1,6.3,0.0,1.1
Fitelo,2025-08,64,4.33,17.2,0.0,4.7,1.6,0.0
Fitelo,2025-09,127,4.5,14.2,0.8,0.0,0.8,0.0
Fitelo,2025-10,66,3.82,33.3,0.0,7.6,0.0,0.0
Fitelo,2025-11,118,4.33,17.8,0.0,0.8,0.0,0.8
Fitelo,2025-12,133,4.5,12.0,0.0,2.3,0.0,0.0
Fitelo,2026-01,81,4.59,9.9,0.0,1.2,0.0,0.0
Fitelo,2026-02,86,4.29,16.3,2.3,3.5,0.0,0.0
Fitelo,2026-03,91,4.43,15.4,0.0,4.4,0.0,0.0
Fitelo,2026-04,113,4.52,12.4,0.9,0.0,0.0,0.0
Fitelo,2026-05,76,4.37,17.1,1.3,2.6,0.0,0.0
Fitelo,2026-06,79,4.23,25.3,0.0,5.1,1.3,0.0
Fitelo,2026-07,94,4.23,23.4,1.1,1.1,0.0,0.0
Fitelo,2026-08,65,4.25,18.5,1.5,0.0,0.0,0.0
Fitelo,2026-09,53,4.04,22.6,1.9,0.0,3.8,0.0
HealthifyMe,2022-12,210,3.71,30.5,1.4,1.0,4.3,2.9
HealthifyMe,2023-01,419,3.53,31.0,2.1,1.2,2.4,5.3
HealthifyMe,2023-02,308,3.63,29.2,2.3,1.3,3.9,4.2
HealthifyMe,2023-03,285,3.42,35.1,3.2,1.1,5.3,3.5
HealthifyMe,2023-04,235,3.6,29.8,2.6,2.6,4.3,2.6
HealthifyMe,2023-05,249,3.74,31.3,1.6,2.4,4.0,5.2
HealthifyMe,2023-06,214,3.59,29.9,0.5,1.4,4.2,1.9
HealthifyMe,2023-07,254,3.77,26.8,2.8,1.2,2.0,0.4
HealthifyMe,2023-08,289,3.38,38.1,1.7,0.7,2.8,2.8
HealthifyMe,2023-09,284,3.45,34.9,2.5,0.7,2.5,4.2
HealthifyMe,2023-10,222,3.64,31.5,0.9,2.3,3.2,3.2
HealthifyMe,2023-11,218,3.56,33.0,2.3,1.4,4.1,2.8
HealthifyMe,2023-12,243,3.65,28.4,0.8,0.8,1.2,4.1
HealthifyMe,2024-01,375,3.39,36.3,1.3,0.5,4.0,5.6
HealthifyMe,2024-02,331,3.47,37.2,0.6,1.5,2.7,2.4
HealthifyMe,2024-03,321,3.38,37.7,2.2,1.9,8.1,5.9
HealthifyMe,2024-04,225,3.42,36.9,3.1,2.2,3.1,4.9
HealthifyMe,2024-05,203,4.1,17.7,2.5,0.0,1.5,1.5
HealthifyMe,2024-06,166,3.99,20.5,3.0,1.8,2.4,1.8
HealthifyMe,2024-07,201,3.69,29.4,3.0,1.0,5.5,4.5
HealthifyMe,2024-08,180,3.92,23.3,2.8,0.6,1.7,3.3
HealthifyMe,2024-09,244,3.72,27.0,2.9,1.2,4.1,2.0
HealthifyMe,2024-10,166,3.72,27.7,1.8,0.6,2.4,3.0
HealthifyMe,2024-11,169,3.73,28.4,2.4,1.2,4.1,2.4
HealthifyMe,2024-12,223,2.52,59.6,6.7,3.1,11.7,15.7
HealthifyMe,2025-01,261,3.16,48.3,1.9,2.3,10.0,8.0
HealthifyMe,2025-02,135,2.9,52.6,1.5,0.0,11.9,11.1
HealthifyMe,2025-03,99,2.75,54.5,2.0,0.0,10.1,12.1
HealthifyMe,2025-04,124,3.17,41.1,3.2,0.8,4.8,4.8
HealthifyMe,2025-05,118,3.01,51.7,3.4,2.5,6.8,7.6
HealthifyMe,2025-06,73,2.45,65.8,5.5,4.1,12.3,6.8
HealthifyMe,2025-07,75,3.04,48.0,6.7,0.0,8.0,5.3
HealthifyMe,2025-08,70,2.96,50.0,5.7,1.4,7.1,2.9
HealthifyMe,2025-09,59,2.42,66.1,5.1,0.0,11.9,5.1
HealthifyMe,2025-10,52,2.19,73.1,1.9,0.0,15.4,11.5
HealthifyMe,2025-11,56,2.61,66.1,3.6,3.6,8.9,5.4
HealthifyMe,2025-12,36,2.44,66.7,2.8,8.3,11.1,8.3
HealthifyMe,2026-01,80,2.4,70.0,6.3,7.5,3.8,2.5
HealthifyMe,2026-02,42,2.26,71.4,4.8,9.5,7.1,14.3
HealthifyMe,2026-03,33,1.85,75.8,6.1,3.0,12.1,12.1
HealthifyMe,2026-04,56,2.5,58.9,8.9,1.8,8.9,3.6
HealthifyMe,2026-05,42,2.4,66.7,9.5,9.5,7.1,4.8
HealthifyMe,2026-06,53,2.02,79.2,5.7,5.7,18.9,5.7
HealthifyMe,2026-07,99,4.04,25.3,3.0,4.0,4.0,1.0
Lifesum,2021-03,245,4.17,20.8,0.0,1.2,5.3,2.4
Lifesum,2021-04,302,4.06,23.8,0.3,2.6,5.6,1.7
Lifesum,2021-05,275,3.98,26.5,0.7,1.5,7.6,2.5
Lifesum,2021-06,177,4.04,22.6,1.1,0.0,2.8,2.8
Lifesum,2021-07,231,4.22,20.8,1.3,1.3,3.9,4.8
Lifesum,2021-08,236,4.09,22.9,1.3,2.5,4.2,3.0
Lifesum,2021-09,223,4.08,25.1,1.3,1.3,3.6,6.3
Lifesum,2021-10,232,3.53,35.3,6.5,2.6,6.5,5.2
Lifesum,2021-11,169,4.24,20.1,0.0,1.8,4.1,3.6
Lifesum,2021-12,180,3.92,31.1,1.1,1.7,7.2,6.7
Lifesum,2022-01,360,4.14,20.3,1.4,0.6,5.3,2.5
Lifesum,2022-02,289,4.26,19.0,0.7,1.4,5.5,4.2
Lifesum,2022-03,284,4.26,16.5,1.1,0.7,2.1,2.5
Lifesum,2022-04,224,4.16,22.3,1.8,1.3,3.1,3.6
Lifesum,2022-05,234,3.84,31.6,1.3,0.9,7.3,6.8
Lifesum,2022-06,211,3.94,28.0,0.9,0.9,7.6,6.6
Lifesum,2022-07,131,3.82,30.5,1.5,1.5,8.4,4.6
Lifesum,2022-08,130,3.88,28.5,0.0,0.0,6.9,10.0
Lifesum,2022-09,176,4.1,23.3,0.6,0.0,1.7,3.4
Lifesum,2022-10,216,3.38,51.4,1.4,2.8,7.4,1.4
Lifesum,2022-11,149,3.46,40.9,2.0,2.0,7.4,5.4
Lifesum,2022-12,124,3.39,42.7,1.6,3.2,11.3,4.8
Lifesum,2023-01,155,3.48,41.9,0.6,3.9,7.1,7.7
Lifesum,2023-02,141,3.89,31.9,0.0,0.7,10.6,3.5
Lifesum,2023-03,147,3.78,36.1,2.0,0.7,11.6,4.1
Lifesum,2023-04,134,3.38,40.3,3.0,0.7,8.2,7.5
Lifesum,2023-05,119,3.92,25.2,0.0,2.5,5.9,4.2
Lifesum,2023-06,104,3.9,37.5,0.0,0.0,12.5,10.6
Lifesum,2023-07,96,3.33,43.8,1.0,4.2,9.4,4.2
Lifesum,2023-08,85,3.34,47.1,3.5,1.2,12.9,10.6
Lifesum,2023-09,93,3.68,38.7,3.2,2.2,11.8,4.3
Lifesum,2023-10,126,3.9,27.8,2.4,1.6,4.0,4.8
Lifesum,2023-11,67,3.64,44.8,1.5,1.5,6.0,13.4
Lifesum,2023-12,49,3.73,32.7,2.0,2.0,10.2,4.1
Lifesum,2024-01,83,3.36,43.4,1.2,0.0,9.6,6.0
Lifesum,2024-02,142,4.03,26.8,0.7,0.7,7.7,3.5
Lifesum,2024-03,75,3.81,34.7,4.0,0.0,5.3,8.0
Lifesum,2024-04,74,3.0,50.0,2.7,1.4,2.7,18.9
Lifesum,2024-05,54,3.26,53.7,1.9,0.0,13.0,3.7
Lifesum,2024-06,58,3.14,48.3,0.0,1.7,10.3,10.3
Lifesum,2024-07,68,2.87,66.2,0.0,2.9,16.2,23.5
Lifesum,2024-08,61,2.75,60.7,3.3,1.6,8.2,27.9
Lifesum,2024-09,43,2.91,60.5,2.3,7.0,11.6,18.6
Lifesum,2024-10,40,3.33,40.0,0.0,0.0,7.5,12.5
Lifesum,2024-12,72,3.21,44.4,0.0,2.8,12.5,2.8
Lifesum,2025-01,91,2.75,59.3,5.5,4.4,15.4,8.8
Lifesum,2025-02,73,2.79,56.2,2.7,0.0,17.8,6.8
Lifesum,2025-03,66,3.17,53.0,3.0,4.5,22.7,7.6
Lifesum,2025-04,85,3.25,44.7,1.2,3.5,8.2,9.4
Lifesum,2025-05,76,2.78,59.2,2.6,5.3,27.6,7.9
Lifesum,2025-06,72,3.21,51.4,1.4,2.8,16.7,8.3
Lifesum,2025-07,52,3.31,51.9,0.0,0.0,23.1,7.7
Lifesum,2025-08,51,2.76,54.9,2.0,9.8,11.8,3.9
Lifesum,2025-09,46,2.78,56.5,0.0,2.2,15.2,15.2
Lifesum,2025-10,37,3.0,51.4,2.7,0.0,16.2,16.2
Lifesum,2025-11,36,2.42,72.2,0.0,8.3,5.6,16.7
Lifesum,2025-12,50,2.6,60.0,0.0,2.0,18.0,6.0
Lifesum,2026-01,53,2.96,49.1,0.0,1.9,15.1,3.8
Lifesum,2026-02,33,2.88,60.6,0.0,3.0,27.3,15.2
Lifesum,2026-03,43,2.58,67.4,2.3,0.0,23.3,11.6
Lifesum,2026-04,36,2.81,58.3,2.8,5.6,19.4,8.3
Lifesum,2026-05,38,2.29,71.1,0.0,7.9,21.1,7.9
Lifesum,2026-09,32,2.94,53.1,0.0,3.1,21.9,3.1
Lose It!,2023-03,53,3.91,24.5,0.0,0.0,3.8,9.4
Lose It!,2023-04,197,3.18,50.8,2.5,6.1,6.6,13.7
Lose It!,2023-05,171,3.54,39.8,1.8,2.9,8.2,9.4
Lose It!,2023-06,150,3.58,41.3,4.7,0.7,6.0,8.7
Lose It!,2023-07,157,3.48,42.0,3.2,5.1,6.4,7.0
Lose It!,2023-08,156,3.52,41.0,3.8,5.8,7.7,8.3
Lose It!,2023-09,158,3.58,37.3,5.7,2.5,9.5,3.2
Lose It!,2023-10,172,3.27,47.1,5.8,6.4,7.0,9.9
Lose It!,2023-11,162,3.26,44.4,1.9,0.6,14.2,6.8
Lose It!,2023-12,167,2.83,65.3,4.2,1.2,27.5,13.8
Lose It!,2024-01,288,2.65,62.5,2.1,0.3,27.8,19.4
Lose It!,2024-02,202,2.58,64.9,4.5,3.0,21.3,16.8
Lose It!,2024-03,189,2.69,59.8,4.8,1.6,19.0,16.9
Lose It!,2024-04,239,2.27,72.8,2.9,1.7,24.7,31.0
Lose It!,2024-05,206,2.78,58.3,1.0,2.4,23.8,15.5
Lose It!,2024-06,181,2.8,55.2,1.7,1.7,19.3,17.1
Lose It!,2024-07,191,2.49,69.1,5.8,0.5,21.5,26.2
Lose It!,2024-08,174,2.84,58.0,1.7,1.1,18.4,21.8
Lose It!,2024-09,138,3.09,55.1,4.3,2.2,20.3,15.2
Lose It!,2024-10,187,2.8,58.8,4.3,3.2,11.2,18.7
Lose It!,2024-11,132,2.92,59.8,3.0,1.5,14.4,22.7
Lose It!,2024-12,389,4.47,14.9,0.8,0.8,5.4,3.9
Lose It!,2025-01,304,3.98,29.3,2.0,2.3,8.9,7.2
Lose It!,2025-02,205,3.93,26.8,1.5,0.5,5.9,6.8
Lose It!,2025-03,237,3.78,31.2,2.5,0.8,5.9,7.6
Lose It!,2025-04,207,3.98,26.1,1.9,0.5,4.8,6.8
Lose It!,2025-05,206,3.62,37.4,2.9,3.9,4.4,7.8
Lose It!,2025-06,185,3.69,35.1,3.2,1.1,3.8,5.9
Lose It!,2025-07,187,3.72,35.3,4.8,0.5,5.9,5.3
Lose It!,2025-08,235,3.43,40.9,4.3,2.1,9.8,5.1
Lose It!,2025-09,168,3.56,40.5,4.8,3.6,5.4,7.7
Lose It!,2025-10,179,3.31,45.8,4.5,5.0,6.1,8.4
Lose It!,2025-11,215,2.89,63.7,2.3,5.6,15.3,7.9
Lose It!,2025-12,166,3.09,56.0,3.6,3.0,8.4,9.6
Lose It!,2026-01,219,3.46,42.0,0.9,2.7,5.9,11.0
Lose It!,2026-02,216,3.27,45.4,1.4,0.9,5.6,9.7
Lose It!,2026-03,166,3.32,43.4,4.8,2.4,5.4,7.8
Lose It!,2026-04,127,3.12,50.4,6.3,0.8,9.4,8.7
Lose It!,2026-05,151,3.24,45.0,3.3,1.3,11.3,7.3
Lose It!,2026-06,143,3.5,37.8,4.2,1.4,8.4,7.7
Lose It!,2026-07,147,3.48,42.2,4.8,0.7,10.2,8.2
Lose It!,2026-08,135,3.07,51.1,6.7,1.5,3.7,14.1
Lose It!,2026-09,124,3.46,41.1,3.2,0.8,11.3,7.3
MyFitnessPal,2025-10,375,2.36,70.4,1.6,3.5,9.3,11.2
MyFitnessPal,2025-11,532,2.99,54.1,1.5,2.6,9.2,10.5
MyFitnessPal,2025-12,397,2.77,59.2,3.3,2.3,8.3,11.8
MyFitnessPal,2026-01,713,2.98,55.5,0.8,2.9,10.5,13.3
MyFitnessPal,2026-02,486,3.11,51.6,2.7,3.7,11.3,7.2
MyFitnessPal,2026-03,761,2.42,68.9,1.3,2.8,8.8,10.4
MyFitnessPal,2026-04,1657,1.77,84.6,1.1,2.4,9.5,6.3
MyFitnessPal,2026-05,918,2.23,74.6,0.9,2.8,9.8,8.3
MyFitnessPal,2026-06,581,2.67,64.0,2.1,4.6,10.3,7.9
MyFitnessPal,2026-07,523,2.65,63.3,1.7,3.8,12.2,8.2
MyFitnessPal,2026-08,622,2.5,67.7,1.1,3.1,10.1,7.7
MyFitnessPal,2026-09,412,2.66,64.3,1.0,4.4,10.9,10.0
MyNetDiary,2023-10,163,4.47,13.5,0.0,0.0,3.1,2.5
MyNetDiary,2023-11,141,4.36,17.7,0.0,0.7,3.5,1.4
MyNetDiary,2023-12,168,4.42,18.5,1.2,0.0,6.0,3.0
MyNetDiary,2024-01,315,4.21,23.2,0.3,1.0,4.8,3.8
MyNetDiary,2024-02,284,4.38,15.5,0.7,1.8,6.7,1.1
MyNetDiary,2024-03,231,4.33,18.6,0.4,1.3,4.8,1.3
MyNetDiary,2024-04,241,4.32,19.1,0.4,0.8,5.0,2.9
MyNetDiary,2024-05,238,4.43,16.0,0.4,0.8,4.6,3.4
MyNetDiary,2024-06,256,4.34,16.4,0.8,0.4,2.3,3.1
MyNetDiary,2024-07,259,4.22,24.7,0.0,3.9,7.3,2.3
MyNetDiary,2024-08,259,4.26,22.8,0.8,1.5,7.7,4.6
MyNetDiary,2024-09,225,4.33,19.1,1.3,1.8,3.1,5.3
MyNetDiary,2024-10,195,4.29,20.0,0.0,1.5,6.7,2.6
MyNetDiary,2024-11,167,4.17,22.2,0.6,1.8,6.6,1.8
MyNetDiary,2024-12,154,4.34,16.9,0.0,0.0,6.5,3.2
MyNetDiary,2025-01,225,4.31,20.9,0.9,1.3,4.0,5.3
MyNetDiary,2025-02,178,4.44,15.2,0.0,1.7,6.2,2.8
MyNetDiary,2025-03,198,4.34,19.2,1.5,0.0,5.6,4.0
MyNetDiary,2025-04,205,4.45,15.1,0.5,1.0,3.9,3.9
MyNetDiary,2025-05,223,4.09,28.3,0.9,1.3,15.2,3.1
MyNetDiary,2025-06,220,4.1,24.5,0.0,2.3,5.5,5.0
MyNetDiary,2025-07,190,4.09,25.8,1.1,2.6,6.8,5.3
MyNetDiary,2025-08,206,4.26,20.4,0.0,1.5,5.3,2.9
MyNetDiary,2025-09,136,4.18,22.8,2.9,0.0,5.9,3.7
MyNetDiary,2025-10,186,4.09,25.8,2.2,1.6,5.4,4.3
MyNetDiary,2025-11,184,4.11,22.3,0.5,0.0,4.9,4.3
MyNetDiary,2025-12,129,3.93,28.7,1.6,1.6,9.3,3.9
MyNetDiary,2026-01,165,3.95,30.3,3.0,1.2,5.5,6.7
MyNetDiary,2026-02,227,4.04,26.9,1.8,1.3,5.3,4.0
MyNetDiary,2026-03,330,4.31,17.6,1.2,0.9,3.9,2.4
MyNetDiary,2026-04,324,4.35,17.6,1.2,0.6,3.1,2.2
MyNetDiary,2026-05,299,4.29,18.7,0.0,0.0,4.0,3.0
MyNetDiary,2026-06,249,4.18,21.7,2.0,1.2,4.8,2.4
MyNetDiary,2026-07,279,4.1,25.8,2.2,1.1,5.7,2.9
MyNetDiary,2026-08,282,4.31,18.8,1.4,0.0,3.9,3.5
MyNetDiary,2026-09,252,4.15,23.8,0.8,2.0,4.0,4.0
Noom,2023-08,356,4.07,28.4,5.1,2.2,3.4,1.4
Noom,2023-09,425,4.01,26.8,4.5,2.8,3.1,1.2
Noom,2023-10,321,3.88,34.0,6.9,3.1,3.1,3.4
Noom,2023-11,282,3.78,33.3,7.4,2.1,5.0,2.5
Noom,2023-12,287,3.59,40.4,6.3,3.8,6.6,2.1
Noom,2024-01,577,3.81,31.5,3.5,3.6,3.3,2.6
Noom,2024-02,586,4.1,25.8,3.9,3.1,3.1,2.0
Noom,2024-03,347,3.73,35.2,2.6,6.1,4.9,2.0
Noom,2024-04,311,3.73,35.7,6.8,5.5,4.5,0.6
Noom,2024-05,308,3.94,30.5,5.5,3.6,5.2,1.9
Noom,2024-06,244,3.79,38.1,7.4,2.9,7.8,2.0
Noom,2024-07,259,3.7,35.9,5.8,5.8,5.4,1.9
Noom,2024-08,234,3.91,30.8,3.0,4.7,2.6,0.9
Noom,2024-09,215,3.77,34.0,7.4,1.4,4.2,1.9
Noom,2024-10,148,3.84,35.1,1.4,5.4,3.4,2.0
Noom,2024-11,133,3.64,39.1,5.3,3.0,5.3,4.5
Noom,2024-12,154,3.19,51.3,7.1,14.9,11.0,3.2
Noom,2025-01,228,3.76,37.3,4.4,6.6,6.1,2.2
Noom,2025-02,176,3.78,33.0,3.4,6.3,4.0,1.7
Noom,2025-03,130,3.47,42.3,3.1,6.2,4.6,1.5
Noom,2025-04,127,3.31,47.2,3.1,8.7,7.9,0.8
Noom,2025-05,192,2.97,54.2,2.1,12.5,5.7,2.6
Noom,2025-06,87,3.67,39.1,2.3,3.4,8.0,3.4
Noom,2025-07,116,3.67,35.3,5.2,6.0,4.3,1.7
Noom,2025-08,134,3.6,38.1,7.5,6.0,5.2,3.0
Noom,2025-09,137,3.28,44.5,5.8,2.9,5.8,6.6
Noom,2025-10,164,2.96,56.1,3.7,5.5,7.9,7.9
Noom,2025-11,141,3.35,48.9,2.8,3.5,7.1,3.5
Noom,2025-12,106,3.18,52.8,2.8,3.8,9.4,3.8
Noom,2026-01,160,3.28,42.5,4.4,4.4,6.9,5.0
Noom,2026-02,127,3.7,39.4,5.5,3.1,11.0,1.6
Noom,2026-03,136,4.1,25.7,1.5,1.5,2.9,3.7
Noom,2026-04,134,3.69,37.3,6.7,3.7,4.5,4.5
Noom,2026-05,98,3.91,29.6,0.0,2.0,3.1,0.0
Noom,2026-06,106,3.75,35.8,6.6,1.9,6.6,1.9
Noom,2026-07,104,3.6,43.3,3.8,5.8,8.7,2.9
Noom,2026-08,100,3.78,33.0,3.0,3.0,5.0,2.0
Noom,2026-09,100,4.03,25.0,3.0,2.0,4.0,5.0
Samsung Health,2025-11,66,2.48,72.7,0.0,12.1,6.1,0.0
Samsung Health,2025-12,399,2.67,63.4,0.0,9.3,6.0,0.5
Samsung Health,2026-01,380,2.56,68.4,0.3,8.2,5.3,0.3
Samsung Health,2026-02,348,2.39,71.6,0.3,6.0,6.6,1.4
Samsung Health,2026-03,991,2.07,77.3,0.1,7.5,5.3,0.8
Samsung Health,2026-04,569,2.3,72.2,0.2,6.2,6.3,1.1
Samsung Health,2026-05,421,2.46,67.2,0.0,6.7,4.3,0.5
Samsung Health,2026-06,920,2.02,80.1,0.1,5.0,4.3,1.0
Samsung Health,2026-07,1756,1.88,83.3,0.2,7.7,3.5,1.3
Samsung Health,2026-08,1453,2.39,68.6,0.2,5.8,2.0,1.9
Samsung Health,2026-09,670,2.13,76.6,0.6,7.2,3.1,1.3
YAZIO,2020-04,124,4.1,24.2,0.0,1.6,4.0,3.2
YAZIO,2020-05,135,4.39,11.9,1.5,0.0,1.5,3.0
YAZIO,2020-06,119,3.97,26.9,0.8,2.5,3.4,3.4
YAZIO,2020-07,128,3.98,21.9,0.8,0.8,7.0,2.3
YAZIO,2020-08,108,4.32,12.0,0.9,0.0,3.7,0.9
YAZIO,2020-09,122,4.26,13.1,1.6,1.6,1.6,1.6
YAZIO,2020-10,81,4.11,18.5,4.9,0.0,2.5,1.2
YAZIO,2020-11,71,3.86,28.2,4.2,1.4,4.2,4.2
YAZIO,2020-12,100,3.88,25.0,3.0,0.0,2.0,2.0
YAZIO,2021-01,106,3.61,35.8,0.9,0.0,8.5,1.9
YAZIO,2021-02,55,3.69,27.3,3.6,0.0,3.6,1.8
YAZIO,2021-03,79,3.86,32.9,0.0,5.1,8.9,6.3
YAZIO,2021-04,48,3.6,33.3,2.1,2.1,6.3,2.1
YAZIO,2021-05,45,3.67,31.1,0.0,0.0,8.9,2.2
YAZIO,2021-06,47,3.72,31.9,2.1,0.0,4.3,2.1
YAZIO,2021-07,49,4.02,24.5,0.0,2.0,6.1,6.1
YAZIO,2021-08,52,3.81,26.9,1.9,1.9,7.7,1.9
YAZIO,2021-12,43,2.88,48.8,2.3,2.3,0.0,2.3
YAZIO,2022-01,54,3.09,44.4,0.0,1.9,3.7,3.7
YAZIO,2022-02,31,3.48,32.3,3.2,0.0,0.0,9.7
YAZIO,2022-05,31,3.23,45.2,3.2,0.0,0.0,9.7
YAZIO,2022-06,30,2.53,63.3,3.3,16.7,10.0,3.3
YAZIO,2022-12,38,3.32,42.1,0.0,2.6,2.6,10.5
YAZIO,2023-01,43,3.51,44.2,0.0,2.3,2.3,11.6
YAZIO,2023-03,37,2.95,54.1,5.4,5.4,10.8,5.4
YAZIO,2023-04,41,2.98,51.2,0.0,2.4,9.8,7.3
YAZIO,2023-05,66,2.86,60.6,3.0,3.0,10.6,1.5
YAZIO,2023-06,32,3.0,50.0,6.3,3.1,0.0,3.1
YAZIO,2023-07,37,2.43,59.5,10.8,0.0,5.4,5.4
YAZIO,2023-08,39,3.21,48.7,5.1,0.0,12.8,12.8
YAZIO,2023-09,67,2.6,67.2,0.0,4.5,6.0,6.0
YAZIO,2023-10,51,2.33,68.6,3.9,0.0,11.8,2.0
YAZIO,2023-12,41,2.41,58.5,2.4,0.0,14.6,2.4
YAZIO,2024-01,103,2.32,67.0,2.9,1.0,8.7,5.8
YAZIO,2024-02,64,2.69,57.8,4.7,1.6,14.1,4.7
YAZIO,2024-03,74,2.74,54.1,1.4,0.0,13.5,12.2
YAZIO,2024-04,75,2.49,72.0,1.3,8.0,17.3,8.0
YAZIO,2024-05,87,3.09,48.3,1.1,1.1,10.3,3.4
YAZIO,2024-06,107,3.4,41.1,1.9,0.9,4.7,6.5
YAZIO,2024-07,81,2.91,54.3,2.5,2.5,9.9,3.7
YAZIO,2024-08,93,2.88,58.1,4.3,4.3,4.3,7.5
YAZIO,2024-09,91,2.91,51.6,1.1,1.1,6.6,18.7
YAZIO,2024-10,158,2.38,70.9,1.9,1.9,10.8,19.6
YAZIO,2024-11,154,2.19,70.1,1.9,0.6,7.1,28.6
YAZIO,2024-12,109,2.23,71.6,0.9,1.8,7.3,15.6
YAZIO,2025-01,226,2.5,65.5,1.8,0.0,9.3,19.5
YAZIO,2025-02,176,2.45,67.6,3.4,0.6,8.0,19.9
YAZIO,2025-03,141,2.38,70.2,2.8,0.7,7.1,22.0
YAZIO,2025-04,166,2.92,52.4,1.2,3.0,4.2,15.1
YAZIO,2025-05,161,3.35,43.5,0.6,3.7,6.8,8.1
YAZIO,2025-06,167,3.36,40.7,2.4,2.4,4.2,7.2
YAZIO,2025-07,248,3.19,44.0,1.6,1.6,5.2,6.9
YAZIO,2025-08,215,3.39,38.6,2.8,1.4,5.6,3.7
YAZIO,2025-09,174,3.56,36.8,1.1,1.1,8.0,7.5
YAZIO,2025-10,259,2.98,52.1,1.9,0.4,8.9,7.7
YAZIO,2025-11,180,2.76,64.4,2.8,0.6,8.3,7.8
YAZIO,2025-12,216,2.69,56.5,2.3,2.8,8.8,11.1
YAZIO,2026-01,376,3.06,49.7,2.7,1.3,5.9,9.3
YAZIO,2026-02,145,2.54,66.2,3.4,1.4,14.5,17.9
YAZIO,2026-03,189,2.49,66.7,4.2,2.6,11.1,15.3
YAZIO,2026-04,202,2.71,60.4,2.0,2.0,11.4,9.4
YAZIO,2026-05,268,2.29,74.6,2.6,10.4,10.1,14.6
YAZIO,2026-06,201,2.75,60.7,3.5,5.0,10.0,10.0
YAZIO,2026-07,204,2.59,62.7,4.4,5.4,12.3,9.8
YAZIO,2026-08,164,2.57,63.4,1.8,2.4,11.6,15.9
YAZIO,2026-09,172,3.35,40.1,3.5,2.3,4.1,6.4
cult.fit,2021-04,155,4.17,18.1,0.6,5.8,0.0,1.3
cult.fit,2021-05,308,3.98,27.3,1.0,7.5,0.3,0.0
cult.fit,2021-06,419,4.2,20.5,1.2,2.4,0.0,0.2
cult.fit,2021-07,267,3.73,30.3,0.4,3.7,0.0,0.7
cult.fit,2021-08,268,3.63,32.1,0.4,4.9,0.4,0.0
cult.fit,2021-09,213,3.46,36.2,0.9,5.2,0.0,0.5
cult.fit,2021-10,121,3.56,35.5,3.3,5.0,0.0,0.8
cult.fit,2021-11,118,3.46,37.3,0.0,2.5,0.0,0.8
cult.fit,2021-12,136,3.13,47.1,2.2,1.5,0.7,2.2
cult.fit,2022-01,134,3.14,46.3,1.5,8.2,0.0,1.5
cult.fit,2022-02,124,3.15,46.8,3.2,12.1,0.0,0.8
cult.fit,2022-03,161,3.19,46.0,3.7,15.5,0.6,1.9
cult.fit,2022-04,115,3.42,41.7,1.7,9.6,0.9,2.6
cult.fit,2022-05,186,3.14,48.4,2.2,11.3,0.5,1.1
cult.fit,2022-06,148,3.1,51.4,2.0,6.8,0.0,0.0
cult.fit,2022-07,212,3.45,37.7,1.4,7.5,0.5,0.5
cult.fit,2022-08,166,3.37,40.4,4.2,7.2,0.0,1.2
cult.fit,2022-09,147,3.05,49.0,1.4,8.2,0.7,0.7
cult.fit,2022-10,97,2.91,50.5,4.1,11.3,0.0,3.1
cult.fit,2022-11,92,3.05,48.9,5.4,7.6,1.1,1.1
cult.fit,2022-12,91,2.84,57.1,1.1,7.7,0.0,1.1
cult.fit,2023-01,92,2.17,76.1,8.7,13.0,0.0,2.2
cult.fit,2023-02,129,2.47,66.7,4.7,11.6,0.0,0.0
cult.fit,2023-03,152,2.21,75.0,3.3,15.8,0.0,0.0
cult.fit,2023-04,96,2.21,69.8,7.3,6.3,1.0,2.1
cult.fit,2023-05,107,2.08,79.4,9.3,9.3,0.9,0.9
cult.fit,2023-06,93,1.96,75.3,6.5,12.9,1.1,1.1
cult.fit,2023-07,95,2.02,76.8,7.4,4.2,0.0,0.0
cult.fit,2023-08,102,2.11,73.5,4.9,12.7,1.0,1.0
cult.fit,2023-09,125,1.85,80.8,5.6,10.4,0.0,2.4
cult.fit,2023-10,88,1.92,78.4,3.4,14.8,0.0,0.0
cult.fit,2023-11,66,1.91,81.8,9.1,12.1,3.0,0.0
cult.fit,2023-12,68,1.66,80.9,2.9,4.4,0.0,1.5
cult.fit,2024-01,102,2.92,56.9,5.9,6.9,0.0,2.9
cult.fit,2024-02,115,2.1,73.9,11.3,9.6,0.9,2.6
cult.fit,2024-03,91,2.23,71.4,5.5,16.5,2.2,5.5
cult.fit,2024-04,89,1.92,77.5,2.2,18.0,0.0,3.4
cult.fit,2024-05,55,2.35,70.9,14.5,10.9,0.0,1.8
cult.fit,2024-06,86,2.42,67.4,3.5,8.1,0.0,2.3
cult.fit,2024-07,94,2.02,77.7,4.3,6.4,1.1,2.1
cult.fit,2024-08,158,3.52,36.7,1.9,3.2,0.0,1.3
cult.fit,2024-09,97,2.69,56.7,5.2,4.1,0.0,1.0
cult.fit,2024-10,93,2.86,52.7,0.0,6.5,0.0,0.0
cult.fit,2024-11,168,2.35,70.2,1.8,14.9,0.6,0.0
cult.fit,2024-12,94,3.11,47.9,3.2,6.4,1.1,1.1
cult.fit,2025-01,86,2.83,57.0,4.7,7.0,0.0,2.3
cult.fit,2025-02,82,2.79,57.3,2.4,8.5,1.2,0.0
cult.fit,2025-03,67,2.22,73.1,4.5,10.4,0.0,1.5
cult.fit,2025-04,96,2.35,70.8,9.4,8.3,0.0,1.0
cult.fit,2025-05,77,2.43,66.2,2.6,7.8,0.0,2.6
cult.fit,2025-06,85,2.19,69.4,3.5,8.2,0.0,1.2
cult.fit,2025-07,106,2.18,71.7,5.7,7.5,0.9,3.8
cult.fit,2025-08,92,2.08,72.8,7.6,10.9,1.1,4.3
cult.fit,2025-09,55,2.25,70.9,7.3,12.7,1.8,0.0
cult.fit,2025-10,71,2.28,70.4,2.8,11.3,0.0,4.2
cult.fit,2025-11,83,2.25,72.3,2.4,3.6,0.0,2.4
cult.fit,2025-12,59,1.78,78.0,5.1,10.2,0.0,0.0
cult.fit,2026-01,156,3.15,45.5,3.8,6.4,0.0,0.6
cult.fit,2026-02,120,3.23,45.8,6.7,6.7,0.0,0.8
cult.fit,2026-03,83,3.3,44.6,7.2,9.6,0.0,1.2
cult.fit,2026-04,98,2.35,66.3,2.0,5.1,0.0,1.0
cult.fit,2026-05,96,2.67,59.4,6.3,5.2,0.0,2.1
cult.fit,2026-06,68,2.29,67.6,1.5,11.8,0.0,2.9
cult.fit,2026-07,89,1.64,89.9,1.1,36.0,0.0,1.1
cult.fit,2026-08,66,2.06,77.3,6.1,16.7,0.0,0.0
cult.fit,2026-09,87,2.11,73.6,4.6,11.5,0.0,3.4
